"Message",Low,"Starting .NET Native compilation"
"Message",Low,""
"Message",Low,""
"Message",Low,"Task ""Gatekeeper"""
"Message",Normal,"Launching 'C:\Users\tone.pedersen\.nuget\packages\microsoft.net.native.compiler\1.6.1\tools\ARM\ilc\Tools\Gatekeeper.exe @""C:\Users\tone.pedersen\Documents\Acando_IoT_FreeSpots\Acando_IoT_FreeSpots\FreeSpotSensorPi3\FreeSpotSensorPi3\obj\ARM\Release\ilc\intermediate\gkargs.rsp""'"
"Message",Low,"Microsoft (R) .NET Native Gatekeeper Version 1.6.25117.00 "
"Message",Low,"Copyright (C) Microsoft Corporation.  All rights reserved. "
"Message",Low," "
"Message",Low,"Checking assembly 'C:\Users\tone.pedersen\Documents\Acando_IoT_FreeSpots\Acando_IoT_FreeSpots\FreeSpotSensorPi3\FreeSpotSensorPi3\obj\ARM\Release\ilc\in\Amqp.NetCore.dll'. "
"Message",Low,"Checking assembly 'C:\Users\tone.pedersen\Documents\Acando_IoT_FreeSpots\Acando_IoT_FreeSpots\FreeSpotSensorPi3\FreeSpotSensorPi3\obj\ARM\Release\ilc\in\Amqp.Store.dll'. "
"Message",Low,"Checking assembly 'C:\Users\tone.pedersen\Documents\Acando_IoT_FreeSpots\Acando_IoT_FreeSpots\FreeSpotSensorPi3\FreeSpotSensorPi3\obj\ARM\Release\ilc\in\AzureSBLite.WinRT.dll'. "
"Message",Low,"Checking assembly 'C:\Users\tone.pedersen\Documents\Acando_IoT_FreeSpots\Acando_IoT_FreeSpots\FreeSpotSensorPi3\FreeSpotSensorPi3\obj\ARM\Release\ilc\in\DotNetty.Buffers.dll'. "
"Message",Low,"Checking assembly 'C:\Users\tone.pedersen\Documents\Acando_IoT_FreeSpots\Acando_IoT_FreeSpots\FreeSpotSensorPi3\FreeSpotSensorPi3\obj\ARM\Release\ilc\in\DotNetty.Codecs.dll'. "
"Message",Low,"Checking assembly 'C:\Users\tone.pedersen\Documents\Acando_IoT_FreeSpots\Acando_IoT_FreeSpots\FreeSpotSensorPi3\FreeSpotSensorPi3\obj\ARM\Release\ilc\in\DotNetty.Codecs.Mqtt.dll'. "
"Message",Low,"Checking assembly 'C:\Users\tone.pedersen\Documents\Acando_IoT_FreeSpots\Acando_IoT_FreeSpots\FreeSpotSensorPi3\FreeSpotSensorPi3\obj\ARM\Release\ilc\in\DotNetty.Common.dll'. "
"Message",Low,"Checking assembly 'C:\Users\tone.pedersen\Documents\Acando_IoT_FreeSpots\Acando_IoT_FreeSpots\FreeSpotSensorPi3\FreeSpotSensorPi3\obj\ARM\Release\ilc\in\DotNetty.Transport.dll'. "
"Message",Low,"Checking assembly 'C:\Users\tone.pedersen\Documents\Acando_IoT_FreeSpots\Acando_IoT_FreeSpots\FreeSpotSensorPi3\FreeSpotSensorPi3\obj\ARM\Release\ilc\in\FreeSpotSensorPi3.winmd'. "
"Message",Low,"Checking assembly 'C:\Users\tone.pedersen\Documents\Acando_IoT_FreeSpots\Acando_IoT_FreeSpots\FreeSpotSensorPi3\FreeSpotSensorPi3\obj\ARM\Release\ilc\in\Microsoft.Azure.Amqp.dll'. "
"Message",Low,"Checking assembly 'C:\Users\tone.pedersen\Documents\Acando_IoT_FreeSpots\Acando_IoT_FreeSpots\FreeSpotSensorPi3\FreeSpotSensorPi3\obj\ARM\Release\ilc\in\Microsoft.Azure.Devices.Client.UWP.dll'. "
"Message",Low,"Checking assembly 'C:\Users\tone.pedersen\Documents\Acando_IoT_FreeSpots\Acando_IoT_FreeSpots\FreeSpotSensorPi3\FreeSpotSensorPi3\obj\ARM\Release\ilc\in\Microsoft.Azure.Devices.Shared.UWP.dll'. "
"Message",Low,"Checking assembly 'C:\Users\tone.pedersen\Documents\Acando_IoT_FreeSpots\Acando_IoT_FreeSpots\FreeSpotSensorPi3\FreeSpotSensorPi3\obj\ARM\Release\ilc\in\Microsoft.Azure.EventHubs.dll'. "
"Message",Low,"Checking assembly 'C:\Users\tone.pedersen\Documents\Acando_IoT_FreeSpots\Acando_IoT_FreeSpots\FreeSpotSensorPi3\FreeSpotSensorPi3\obj\ARM\Release\ilc\in\Microsoft.Extensions.DependencyInjection.Abstractions.dll'. "
"Message",Low,"Checking assembly 'C:\Users\tone.pedersen\Documents\Acando_IoT_FreeSpots\Acando_IoT_FreeSpots\FreeSpotSensorPi3\FreeSpotSensorPi3\obj\ARM\Release\ilc\in\Microsoft.Extensions.Logging.Abstractions.dll'. "
"Message",Low,"Checking assembly 'C:\Users\tone.pedersen\Documents\Acando_IoT_FreeSpots\Acando_IoT_FreeSpots\FreeSpotSensorPi3\FreeSpotSensorPi3\obj\ARM\Release\ilc\in\Microsoft.Extensions.Logging.dll'. "
"Message",Low,"Checking assembly 'C:\Users\tone.pedersen\Documents\Acando_IoT_FreeSpots\Acando_IoT_FreeSpots\FreeSpotSensorPi3\FreeSpotSensorPi3\obj\ARM\Release\ilc\in\Microsoft.Practices.EnterpriseLibrary.TransientFaultHandling.dll'. "
"Message",Low,"Checking assembly 'C:\Users\tone.pedersen\Documents\Acando_IoT_FreeSpots\Acando_IoT_FreeSpots\FreeSpotSensorPi3\FreeSpotSensorPi3\obj\ARM\Release\ilc\in\Newtonsoft.Json.dll'. "
"Message",Low,"Checking assembly 'C:\Users\tone.pedersen\Documents\Acando_IoT_FreeSpots\Acando_IoT_FreeSpots\FreeSpotSensorPi3\FreeSpotSensorPi3\obj\ARM\Release\ilc\in\PCLCrypto.dll'. "
"Message",Low,"Checking assembly 'C:\Users\tone.pedersen\Documents\Acando_IoT_FreeSpots\Acando_IoT_FreeSpots\FreeSpotSensorPi3\FreeSpotSensorPi3\obj\ARM\Release\ilc\in\PInvoke.BCrypt.dll'. "
"Message",Low,"Checking assembly 'C:\Users\tone.pedersen\Documents\Acando_IoT_FreeSpots\Acando_IoT_FreeSpots\FreeSpotSensorPi3\FreeSpotSensorPi3\obj\ARM\Release\ilc\in\PInvoke.Kernel32.dll'. "
"Message",Low,"Checking assembly 'C:\Users\tone.pedersen\Documents\Acando_IoT_FreeSpots\Acando_IoT_FreeSpots\FreeSpotSensorPi3\FreeSpotSensorPi3\obj\ARM\Release\ilc\in\PInvoke.NCrypt.dll'. "
"Message",Low,"Checking assembly 'C:\Users\tone.pedersen\Documents\Acando_IoT_FreeSpots\Acando_IoT_FreeSpots\FreeSpotSensorPi3\FreeSpotSensorPi3\obj\ARM\Release\ilc\in\PInvoke.Windows.Core.dll'. "
"Message",Low,"Checking assembly 'C:\Users\tone.pedersen\Documents\Acando_IoT_FreeSpots\Acando_IoT_FreeSpots\FreeSpotSensorPi3\FreeSpotSensorPi3\obj\ARM\Release\ilc\in\System.Net.Http.Extensions.dll'. "
"Message",Low,"Checking assembly 'C:\Users\tone.pedersen\Documents\Acando_IoT_FreeSpots\Acando_IoT_FreeSpots\FreeSpotSensorPi3\FreeSpotSensorPi3\obj\ARM\Release\ilc\in\System.Net.Http.Formatting.dll'. "
"Message",Low,"Checking assembly 'C:\Users\tone.pedersen\Documents\Acando_IoT_FreeSpots\Acando_IoT_FreeSpots\FreeSpotSensorPi3\FreeSpotSensorPi3\obj\ARM\Release\ilc\in\Validation.dll'. "
"Message",Normal,"'C:\Users\tone.pedersen\.nuget\packages\microsoft.net.native.compiler\1.6.1\tools\ARM\ilc\Tools\Gatekeeper.exe @""C:\Users\tone.pedersen\Documents\Acando_IoT_FreeSpots\Acando_IoT_FreeSpots\FreeSpotSensorPi3\FreeSpotSensorPi3\obj\ARM\Release\ilc\intermediate\gkargs.rsp""' completed."
"Message",Normal,"Process execution statistics (all times in milliseconds)"
"Message",Normal,"-----------------------------------------------------------------------------"
"Message",Normal,"launch  |  start   |   stop   |   end    | duration | lifetime | [slot] name"
"Message",Normal,"-----------------------------------------------------------------------------"
"Message",Normal,"       0 |        0 |      593 |      593 |      593 |      593 | [0] Gatekeeper"
"Message",Normal,"Number of commands:      1"
"Message",Normal,"Total system time:       593 ms"
"Message",Normal,"System time per command: 593 ms"
"Message",Normal,"Total duration:          593 ms"
"Message",Normal,"Total lifetime:          593 ms"
"Message",Normal,"Requested DOP:           4"
"Message",Normal,"Duration DOP:            1,0"
"Message",Normal,"Lifetime DOP:            1,0"
"Message",Low,"Done executing task ""Gatekeeper""."
"Message",Low,"Done building target ""RunGatekeeper"" in file ""Preparation""."
"Message",Low,""
"Message",Low,"Task ""csc"""
"Message",Normal,"Launching 'C:\Users\tone.pedersen\.nuget\packages\microsoft.net.native.compiler\1.6.1\tools\ARM\ilc\csc\csc.exe /debug+ /noconfig /nostdlib+ /out:""C:\Users\tone.pedersen\Documents\Acando_IoT_FreeSpots\Acando_IoT_FreeSpots\FreeSpotSensorPi3\FreeSpotSensorPi3\obj\ARM\Release\ilc\intermediate\FreeSpotSensorPi3-uwp.exe"" /pdb:""C:\Users\tone.pedersen\Documents\Acando_IoT_FreeSpots\Acando_IoT_FreeSpots\FreeSpotSensorPi3\FreeSpotSensorPi3\obj\ARM\Release\ilc\intermediate\FreeSpotSensorPi3-uwp.pdb"" /reference:""C:\Users\tone.pedersen\.nuget\packages\microsoft.net.native.compiler\1.6.1\tools\ARM\ilc\lib\Private\System.Private.CoreLib.dll"" /target:winexe ""C:\Users\tone.pedersen\Documents\Acando_IoT_FreeSpots\Acando_IoT_FreeSpots\FreeSpotSensorPi3\FreeSpotSensorPi3\obj\ARM\Release\ilc\intermediate\fake.cs""'"
"Message",Low,"Microsoft (R) Visual C# Compiler version 1.3.0.60613"
"Message",Low,"Copyright (C) Microsoft Corporation. All rights reserved."
"Message",Normal,"'C:\Users\tone.pedersen\.nuget\packages\microsoft.net.native.compiler\1.6.1\tools\ARM\ilc\csc\csc.exe /debug+ /noconfig /nostdlib+ /out:""C:\Users\tone.pedersen\Documents\Acando_IoT_FreeSpots\Acando_IoT_FreeSpots\FreeSpotSensorPi3\FreeSpotSensorPi3\obj\ARM\Release\ilc\intermediate\FreeSpotSensorPi3-uwp.exe"" /pdb:""C:\Users\tone.pedersen\Documents\Acando_IoT_FreeSpots\Acando_IoT_FreeSpots\FreeSpotSensorPi3\FreeSpotSensorPi3\obj\ARM\Release\ilc\intermediate\FreeSpotSensorPi3-uwp.pdb"" /reference:""C:\Users\tone.pedersen\.nuget\packages\microsoft.net.native.compiler\1.6.1\tools\ARM\ilc\lib\Private\System.Private.CoreLib.dll"" /target:winexe ""C:\Users\tone.pedersen\Documents\Acando_IoT_FreeSpots\Acando_IoT_FreeSpots\FreeSpotSensorPi3\FreeSpotSensorPi3\obj\ARM\Release\ilc\intermediate\fake.cs""' completed."
"Message",Normal,"Process execution statistics (all times in milliseconds)"
"Message",Normal,"-----------------------------------------------------------------------------"
"Message",Normal,"launch  |  start   |   stop   |   end    | duration | lifetime | [slot] name"
"Message",Normal,"-----------------------------------------------------------------------------"
"Message",Normal,"       0 |        0 |     2203 |     2203 |     2203 |     2203 | [0] csc"
"Message",Normal,"Number of commands:      1"
"Message",Normal,"Total system time:       2203 ms"
"Message",Normal,"System time per command: 2203 ms"
"Message",Normal,"Total duration:          2203 ms"
"Message",Normal,"Total lifetime:          2203 ms"
"Message",Normal,"Requested DOP:           4"
"Message",Normal,"Duration DOP:            1,0"
"Message",Normal,"Lifetime DOP:            1,0"
"Message",Low,"Done executing task ""csc""."
"Message",Low,"Done building target ""GenerateFakeExe"" in file ""Preparation""."
"Message",Low,""
"Message",Low,"Task ""InjectWindowsRuntimeTypeForwards"""
"Message",Normal,"Running 'InjectWindowsRuntimeTypeForwards' transform, heap at 14 MB."
"Message",Normal,"Running 'WriteAssemblies' transform, heap at 19 MB."
"Message",Normal,""
"Message",Normal,"Transform summary"
"Message",Normal,"    ms | heap delta | name"
"Message",Normal,"   271 |          1 | WriteAssemblies"
"Message",Normal,"   250 |          5 | InjectWindowsRuntimeTypeForwards"
"Message",Low,"Done executing task ""InjectWindowsRuntimeTypeForwards""."
"Message",Low,"Done building target ""InjectWindowRuntimeTypeForwards"" in file ""Preparation""."
"Message",Low,""
"Message",Low,"Task ""PreResolveAssemblyClosure"""
"Warning",,0,0,"ILTransform : warning ILT0010: Could not find assembly 'Microsoft.WindowsAzure.Storage, Version=7.0.0.0, Culture=neutral, PublicKeyToken=31bf3856ad364e35' referenced by 'Microsoft.Azure.Devices.Client.UWP'."
"Message",Low,"Done executing task ""PreResolveAssemblyClosure""."
"Message",Low,"Task ""PreResolveTransforms"""
"Message",Normal,"Running 'ResolveSelfReferences' transform, heap at 34 MB."
"Message",Normal,"Running 'RemoveDuplicateMembers' transform, heap at 109 MB."
"Message",Normal,"Running 'PortableLib' transform, heap at 109 MB."
"Message",Normal,"Running 'WriteAssemblies' transform, heap at 105 MB."
"Message",Normal,""
"Message",Normal,"Transform summary"
"Message",Normal,"    ms | heap delta | name"
"Message",Normal,"   966 |         75 | ResolveSelfReferences"
"Message",Normal,"   690 |         -4 | PortableLib"
"Message",Normal,"   424 |         16 | WriteAssemblies"
"Message",Normal,"     2 |          0 | RemoveDuplicateMembers"
"Message",Low,"Done executing task ""PreResolveTransforms""."
"Message",Low,"Done building target ""PreResolveTransforms"" in file ""Preparation""."
"Message",Low,""
"Message",Low,"Task ""InitialAssemblyClosure"""
"Message",Low,"Done executing task ""InitialAssemblyClosure""."
"Message",Low,"Task ""ResolveInitialReferencesAssemblyClosure1"""
"Warning",,0,0,"ILTransform : warning ILT0010: Could not find assembly 'Microsoft.WindowsAzure.Storage, Version=7.0.0.0, Culture=neutral, PublicKeyToken=31bf3856ad364e35' referenced by 'Microsoft.Azure.Devices.Client.UWP'."
"Message",Low,"Done executing task ""ResolveInitialReferencesAssemblyClosure1""."
"Message",Low,"Task ""ResolveInitialReferencesAssemblyClosure2"""
"Warning",,0,0,"ILTransform : warning ILT0010: Could not find assembly 'Microsoft.WindowsAzure.Storage, Version=7.0.0.0, Culture=neutral, PublicKeyToken=31bf3856ad364e35' referenced by 'Microsoft.Azure.Devices.Client.UWP'."
"Message",Low,"Done executing task ""ResolveInitialReferencesAssemblyClosure2""."
"Message",Low,"Done building target ""ResolveInitialReferences"" in file ""Preparation""."
"Message",Low,"Done building project ""Preparation""."
"Message",Low,""
"Message",Low,""
"Message",High,"Processing application code"
"Message",Low,"Task ""ValidateSimpleNames"""
"Message",Low,"Done executing task ""ValidateSimpleNames""."
"Message",Low,"Task ""McgContractsResolveFilePath"""
"Message",Low,"Done executing task ""McgContractsResolveFilePath""."
"Message",Low,"Task ""McgFacadeResolveFilePath"""
"Message",Low,"Done executing task ""McgFacadeResolveFilePath""."
"Message",Low,"Task ""FinalAssemblyClosureRootsResolveFilePaths"""
"Message",Low,"Done executing task ""FinalAssemblyClosureRootsResolveFilePaths""."
"Message",Low,"Task ""FinalAssemblyClosure"""
"Warning",,0,0,"ILTransform : warning ILT0010: Could not find assembly 'Microsoft.WindowsAzure.Storage, Version=7.0.0.0, Culture=neutral, PublicKeyToken=31bf3856ad364e35' referenced by 'Microsoft.Azure.Devices.Client.UWP'."
"Message",Low,"Done executing task ""FinalAssemblyClosure""."
"Message",Low,"Task ""RunILTransforms"""
"Message",Normal,"Running 'Analysis' transform, heap at 15 MB."
"Message",Low,"Loading 129 modules..."
"Message",Normal,"Imported reflection directives from 19 files:"
"Message",Normal,"C:\Users\tone.pedersen\Documents\Acando_IoT_FreeSpots\Acando_IoT_FreeSpots\FreeSpotSensorPi3\FreeSpotSensorPi3\obj\ARM\Release\ilc\in\Properties\Default.rd.xml"
"Message",Normal,"Embedded manifest in System.Diagnostics.Tracing: Resources.System.Diagnostics.Tracing.rd.xml"
"Message",Normal,"Embedded manifest in System.Private.Reflection: System.Private.Reflection.rd.xml"
"Message",Normal,"Embedded manifest in System.Private.CoreLib: Resources.System.Private.CoreLib.rd.xml"
"Message",Normal,"Embedded manifest in System.Private.Uri: Resources.System.Private.Uri.rd.xml"
"Message",Normal,"Embedded manifest in System.Private.Reflection.Core: System.Private.Reflection.Core.rd.xml"
"Message",Normal,"Embedded manifest in System.Xml.XDocument: System.Xml.Resources.System.Xml.XDocument.rd.xml"
"Message",Normal,"Embedded manifest in System.Runtime.Serialization.Primitives: System.Runtime.Serialization.Primitives.Resources.System.Runtime.Serialization.Primitives.rd.xml"
"Message",Normal,"Embedded manifest in System.Dynamic.Runtime: Resources.System.Dynamic.Runtime.rd.xml"
"Message",Normal,"Embedded manifest in System.Linq.Expressions: Resources.System.Linq.Expressions.rd.xml"
"Message",Normal,"Embedded manifest in Microsoft.CSharp: Microsoft.CSharp.Resources.Microsoft.CSharp.rd.xml"
"Message",Normal,"Embedded manifest in System.Private.PortableThunks: Resources.System.Private.PortableThunks.rd.xml"
"Message",Normal,"Embedded manifest in System.Xml.ReaderWriter: System.Xml.Resources.System.Xml.ReaderWriter.rd.xml"
"Message",Normal,"Embedded manifest in System.Private.DataContractSerialization: System.Private.DataContractSerialization.Resources.System.Private.DataContractSerialization.rd.xml"
"Message",Normal,"Embedded manifest in System.Xml.XmlSerializer: System.Xml.XmlSerializer.Resources.System.Xml.XmlSerializer.rd.xml"
"Message",Normal,"Embedded manifest in System.Private.Interop: Resources.System.Private.Interop.rd.xml"
"Message",Normal,"Embedded manifest in Microsoft.Azure.Amqp: Microsoft.Azure.Amqp.Properties.Microsoft.Azure.Amqp.Uwp.rd.xml"
"Message",Normal,"Embedded manifest in Microsoft.Azure.Devices.Shared.UWP: Microsoft.Azure.Devices.Shared.UWP.Properties.Microsoft.Azure.Devices.Shared.UWP.rd.xml"
"Message",Normal,"Newtonsoft.Json"
"Message",Normal,"Running 'Mcg' transform, heap at 253 MB."
"Message",High,"Computing application closure and generating interop code"
"Message",Normal,"  List of .lib files:"
"Message",Normal,"      WindowsApp.lib"
"Message",Normal,"      winsqlite3.lib"
"Message",Normal,"  List of .lib search paths:"
"Message",Normal,"      C:\Program Files (x86)\Windows Kits\10\lib\10.0.10586.0\um\arm"
"Message",Normal,"  Loading exports from libs..."
"Message",Normal,"      2383 exports read from 'C:\Program Files (x86)\Windows Kits\10\lib\10.0.10586.0\um\arm\WindowsApp.lib'."
"Message",Normal,"      218 exports read from 'C:\Program Files (x86)\Windows Kits\10\lib\10.0.10586.0\um\arm\winsqlite3.lib'."
"Message",High,"  Loading 129 modules..."
"Message",Normal,"          P/Invoke 'GetCurrentProcessId' resolved to 'api-ms-win-core-processthreads-l1-1-2.dll!GetCurrentProcessId' from 'C:\Program Files (x86)\Windows Kits\10\lib\10.0.10586.0\um\arm\WindowsApp.lib'."
"Message",Normal,"          P/Invoke 'BCryptEnumAlgorithms' resolved to 'bcrypt.dll!BCryptEnumAlgorithms' from 'C:\Program Files (x86)\Windows Kits\10\lib\10.0.10586.0\um\arm\WindowsApp.lib'."
"Message",Normal,"          P/Invoke 'BCryptOpenAlgorithmProvider' resolved to 'bcrypt.dll!BCryptOpenAlgorithmProvider' from 'C:\Program Files (x86)\Windows Kits\10\lib\10.0.10586.0\um\arm\WindowsApp.lib'."
"Message",Normal,"          P/Invoke 'BCryptCreateHash' resolved to 'bcrypt.dll!BCryptCreateHash' from 'C:\Program Files (x86)\Windows Kits\10\lib\10.0.10586.0\um\arm\WindowsApp.lib'."
"Message",Normal,"          P/Invoke 'BCryptEncrypt' resolved to 'bcrypt.dll!BCryptEncrypt' from 'C:\Program Files (x86)\Windows Kits\10\lib\10.0.10586.0\um\arm\WindowsApp.lib'."
"Message",Normal,"          P/Invoke 'BCryptDecrypt' resolved to 'bcrypt.dll!BCryptDecrypt' from 'C:\Program Files (x86)\Windows Kits\10\lib\10.0.10586.0\um\arm\WindowsApp.lib'."
"Message",Normal,"          P/Invoke 'BCryptHashData' resolved to 'bcrypt.dll!BCryptHashData' from 'C:\Program Files (x86)\Windows Kits\10\lib\10.0.10586.0\um\arm\WindowsApp.lib'."
"Message",Normal,"          P/Invoke 'BCryptFinishHash' resolved to 'bcrypt.dll!BCryptFinishHash' from 'C:\Program Files (x86)\Windows Kits\10\lib\10.0.10586.0\um\arm\WindowsApp.lib'."
"Message",Normal,"          P/Invoke 'BCryptSignHash' resolved to 'bcrypt.dll!BCryptSignHash' from 'C:\Program Files (x86)\Windows Kits\10\lib\10.0.10586.0\um\arm\WindowsApp.lib'."
"Message",Normal,"          P/Invoke 'BCryptVerifySignature' resolved to 'bcrypt.dll!BCryptVerifySignature' from 'C:\Program Files (x86)\Windows Kits\10\lib\10.0.10586.0\um\arm\WindowsApp.lib'."
"Message",Normal,"          P/Invoke 'BCryptGenerateKeyPair' resolved to 'bcrypt.dll!BCryptGenerateKeyPair' from 'C:\Program Files (x86)\Windows Kits\10\lib\10.0.10586.0\um\arm\WindowsApp.lib'."
"Message",Normal,"          P/Invoke 'BCryptGenerateSymmetricKey' resolved to 'bcrypt.dll!BCryptGenerateSymmetricKey' from 'C:\Program Files (x86)\Windows Kits\10\lib\10.0.10586.0\um\arm\WindowsApp.lib'."
"Message",Normal,"          P/Invoke 'BCryptFinalizeKeyPair' resolved to 'bcrypt.dll!BCryptFinalizeKeyPair' from 'C:\Program Files (x86)\Windows Kits\10\lib\10.0.10586.0\um\arm\WindowsApp.lib'."
"Message",Normal,"          P/Invoke 'BCryptImportKey' resolved to 'bcrypt.dll!BCryptImportKey' from 'C:\Program Files (x86)\Windows Kits\10\lib\10.0.10586.0\um\arm\WindowsApp.lib'."
"Message",Normal,"          P/Invoke 'BCryptImportKeyPair' resolved to 'bcrypt.dll!BCryptImportKeyPair' from 'C:\Program Files (x86)\Windows Kits\10\lib\10.0.10586.0\um\arm\WindowsApp.lib'."
"Message",Normal,"          P/Invoke 'BCryptExportKey' resolved to 'bcrypt.dll!BCryptExportKey' from 'C:\Program Files (x86)\Windows Kits\10\lib\10.0.10586.0\um\arm\WindowsApp.lib'."
"Message",Normal,"          P/Invoke 'BCryptSecretAgreement' resolved to 'bcrypt.dll!BCryptSecretAgreement' from 'C:\Program Files (x86)\Windows Kits\10\lib\10.0.10586.0\um\arm\WindowsApp.lib'."
"Message",Normal,"          P/Invoke 'BCryptDeriveKey' resolved to 'bcrypt.dll!BCryptDeriveKey' from 'C:\Program Files (x86)\Windows Kits\10\lib\10.0.10586.0\um\arm\WindowsApp.lib'."
"Message",Normal,"          P/Invoke 'BCryptSetProperty' resolved to 'bcrypt.dll!BCryptSetProperty' from 'C:\Program Files (x86)\Windows Kits\10\lib\10.0.10586.0\um\arm\WindowsApp.lib'."
"Message",Normal,"          P/Invoke 'BCryptSetProperty' resolved to 'bcrypt.dll!BCryptSetProperty' from 'C:\Program Files (x86)\Windows Kits\10\lib\10.0.10586.0\um\arm\WindowsApp.lib'."
"Message",Normal,"          P/Invoke 'BCryptGetProperty' resolved to 'bcrypt.dll!BCryptGetProperty' from 'C:\Program Files (x86)\Windows Kits\10\lib\10.0.10586.0\um\arm\WindowsApp.lib'."
"Message",Normal,"          P/Invoke 'BCryptGenRandom' resolved to 'bcrypt.dll!BCryptGenRandom' from 'C:\Program Files (x86)\Windows Kits\10\lib\10.0.10586.0\um\arm\WindowsApp.lib'."
"Message",Normal,"          P/Invoke 'BCryptFreeBuffer' resolved to 'bcrypt.dll!BCryptFreeBuffer' from 'C:\Program Files (x86)\Windows Kits\10\lib\10.0.10586.0\um\arm\WindowsApp.lib'."
"Message",Normal,"          P/Invoke 'BCryptCloseAlgorithmProvider' resolved to 'bcrypt.dll!BCryptCloseAlgorithmProvider' from 'C:\Program Files (x86)\Windows Kits\10\lib\10.0.10586.0\um\arm\WindowsApp.lib'."
"Message",Normal,"          P/Invoke 'BCryptDestroyHash' resolved to 'bcrypt.dll!BCryptDestroyHash' from 'C:\Program Files (x86)\Windows Kits\10\lib\10.0.10586.0\um\arm\WindowsApp.lib'."
"Message",Normal,"          P/Invoke 'BCryptDestroyKey' resolved to 'bcrypt.dll!BCryptDestroyKey' from 'C:\Program Files (x86)\Windows Kits\10\lib\10.0.10586.0\um\arm\WindowsApp.lib'."
"Message",Normal,"          P/Invoke 'BCryptDestroySecret' resolved to 'bcrypt.dll!BCryptDestroySecret' from 'C:\Program Files (x86)\Windows Kits\10\lib\10.0.10586.0\um\arm\WindowsApp.lib'."
"Message",Normal,"          P/Invoke 'FindFirstFileExA' resolved to 'api-ms-win-core-file-l1-2-1.dll!FindFirstFileExA' from 'C:\Program Files (x86)\Windows Kits\10\lib\10.0.10586.0\um\arm\WindowsApp.lib'."
"Message",Normal,"          P/Invoke 'FormatMessageW' resolved to 'api-ms-win-core-localization-l1-2-1.dll!FormatMessageW' from 'C:\Program Files (x86)\Windows Kits\10\lib\10.0.10586.0\um\arm\WindowsApp.lib'."
"Message",Normal,"          P/Invoke 'GetCurrentThreadId' resolved to 'api-ms-win-core-processthreads-l1-1-2.dll!GetCurrentThreadId' from 'C:\Program Files (x86)\Windows Kits\10\lib\10.0.10586.0\um\arm\WindowsApp.lib'."
"Message",Normal,"          P/Invoke 'GetCurrentProcessId' resolved to 'api-ms-win-core-processthreads-l1-1-2.dll!GetCurrentProcessId' from 'C:\Program Files (x86)\Windows Kits\10\lib\10.0.10586.0\um\arm\WindowsApp.lib'."
"Message",Normal,"          P/Invoke 'GetCurrentProcess' resolved to 'api-ms-win-core-processthreads-l1-1-2.dll!GetCurrentProcess' from 'C:\Program Files (x86)\Windows Kits\10\lib\10.0.10586.0\um\arm\WindowsApp.lib'."
"Message",Normal,"          P/Invoke 'CancelIoEx' resolved to 'api-ms-win-core-io-l1-1-1.dll!CancelIoEx' from 'C:\Program Files (x86)\Windows Kits\10\lib\10.0.10586.0\um\arm\WindowsApp.lib'."
"Message",Normal,"          P/Invoke 'ReadFile' resolved to 'api-ms-win-core-file-l1-2-1.dll!ReadFile' from 'C:\Program Files (x86)\Windows Kits\10\lib\10.0.10586.0\um\arm\WindowsApp.lib'."
"Message",Normal,"          P/Invoke 'WriteFile' resolved to 'api-ms-win-core-file-l1-2-1.dll!WriteFile' from 'C:\Program Files (x86)\Windows Kits\10\lib\10.0.10586.0\um\arm\WindowsApp.lib'."
"Message",Normal,"          P/Invoke 'SuspendThread' resolved to 'api-ms-win-core-processthreads-l1-1-2.dll!SuspendThread' from 'C:\Program Files (x86)\Windows Kits\10\lib\10.0.10586.0\um\arm\WindowsApp.lib'."
"Message",Normal,"          P/Invoke 'ResumeThread' resolved to 'api-ms-win-core-processthreads-l1-1-2.dll!ResumeThread' from 'C:\Program Files (x86)\Windows Kits\10\lib\10.0.10586.0\um\arm\WindowsApp.lib'."
"Message",Normal,"          P/Invoke 'WaitForSingleObject' resolved to 'api-ms-win-core-synch-l1-2-0.dll!WaitForSingleObject' from 'C:\Program Files (x86)\Windows Kits\10\lib\10.0.10586.0\um\arm\WindowsApp.lib'."
"Message",Normal,"          P/Invoke 'CloseHandle' resolved to 'api-ms-win-core-handle-l1-1-0.dll!CloseHandle' from 'C:\Program Files (x86)\Windows Kits\10\lib\10.0.10586.0\um\arm\WindowsApp.lib'."
"Message",Normal,"          P/Invoke 'FlushFileBuffers' resolved to 'api-ms-win-core-file-l1-2-1.dll!FlushFileBuffers' from 'C:\Program Files (x86)\Windows Kits\10\lib\10.0.10586.0\um\arm\WindowsApp.lib'."
"Message",Normal,"          P/Invoke 'FindClose' resolved to 'api-ms-win-core-file-l1-2-1.dll!FindClose' from 'C:\Program Files (x86)\Windows Kits\10\lib\10.0.10586.0\um\arm\WindowsApp.lib'."
"Message",Normal,"          P/Invoke 'NCryptOpenStorageProvider' resolved to 'ncrypt.dll!NCryptOpenStorageProvider' from 'C:\Program Files (x86)\Windows Kits\10\lib\10.0.10586.0\um\arm\WindowsApp.lib'."
"Message",Normal,"          P/Invoke 'NCryptCreatePersistedKey' resolved to 'ncrypt.dll!NCryptCreatePersistedKey' from 'C:\Program Files (x86)\Windows Kits\10\lib\10.0.10586.0\um\arm\WindowsApp.lib'."
"Message",Normal,"          P/Invoke 'NCryptOpenKey' resolved to 'ncrypt.dll!NCryptOpenKey' from 'C:\Program Files (x86)\Windows Kits\10\lib\10.0.10586.0\um\arm\WindowsApp.lib'."
"Message",Normal,"          P/Invoke 'NCryptDeleteKey' resolved to 'ncrypt.dll!NCryptDeleteKey' from 'C:\Program Files (x86)\Windows Kits\10\lib\10.0.10586.0\um\arm\WindowsApp.lib'."
"Message",Normal,"          P/Invoke 'NCryptSecretAgreement' resolved to 'ncrypt.dll!NCryptSecretAgreement' from 'C:\Program Files (x86)\Windows Kits\10\lib\10.0.10586.0\um\arm\WindowsApp.lib'."
"Message",Normal,"          P/Invoke 'NCryptKeyDerivation' resolved to 'ncrypt.dll!NCryptKeyDerivation' from 'C:\Program Files (x86)\Windows Kits\10\lib\10.0.10586.0\um\arm\WindowsApp.lib'."
"Message",Normal,"          P/Invoke 'NCryptDeriveKey' resolved to 'ncrypt.dll!NCryptDeriveKey' from 'C:\Program Files (x86)\Windows Kits\10\lib\10.0.10586.0\um\arm\WindowsApp.lib'."
"Message",Normal,"          P/Invoke 'NCryptEnumAlgorithms' resolved to 'ncrypt.dll!NCryptEnumAlgorithms' from 'C:\Program Files (x86)\Windows Kits\10\lib\10.0.10586.0\um\arm\WindowsApp.lib'."
"Message",Normal,"          P/Invoke 'NCryptEnumKeys' resolved to 'ncrypt.dll!NCryptEnumKeys' from 'C:\Program Files (x86)\Windows Kits\10\lib\10.0.10586.0\um\arm\WindowsApp.lib'."
"Message",Normal,"          P/Invoke 'NCryptIsAlgSupported' resolved to 'ncrypt.dll!NCryptIsAlgSupported' from 'C:\Program Files (x86)\Windows Kits\10\lib\10.0.10586.0\um\arm\WindowsApp.lib'."
"Message",Normal,"          P/Invoke 'NCryptFinalizeKey' resolved to 'ncrypt.dll!NCryptFinalizeKey' from 'C:\Program Files (x86)\Windows Kits\10\lib\10.0.10586.0\um\arm\WindowsApp.lib'."
"Message",Normal,"          P/Invoke 'NCryptExportKey' resolved to 'ncrypt.dll!NCryptExportKey' from 'C:\Program Files (x86)\Windows Kits\10\lib\10.0.10586.0\um\arm\WindowsApp.lib'."
"Message",Normal,"          P/Invoke 'NCryptImportKey' resolved to 'ncrypt.dll!NCryptImportKey' from 'C:\Program Files (x86)\Windows Kits\10\lib\10.0.10586.0\um\arm\WindowsApp.lib'."
"Message",Normal,"          P/Invoke 'NCryptGetProperty' resolved to 'ncrypt.dll!NCryptGetProperty' from 'C:\Program Files (x86)\Windows Kits\10\lib\10.0.10586.0\um\arm\WindowsApp.lib'."
"Message",Normal,"          P/Invoke 'NCryptSetProperty' resolved to 'ncrypt.dll!NCryptSetProperty' from 'C:\Program Files (x86)\Windows Kits\10\lib\10.0.10586.0\um\arm\WindowsApp.lib'."
"Message",Normal,"          P/Invoke 'NCryptSetProperty' resolved to 'ncrypt.dll!NCryptSetProperty' from 'C:\Program Files (x86)\Windows Kits\10\lib\10.0.10586.0\um\arm\WindowsApp.lib'."
"Message",Normal,"          P/Invoke 'NCryptEncrypt' resolved to 'ncrypt.dll!NCryptEncrypt' from 'C:\Program Files (x86)\Windows Kits\10\lib\10.0.10586.0\um\arm\WindowsApp.lib'."
"Message",Normal,"          P/Invoke 'NCryptDecrypt' resolved to 'ncrypt.dll!NCryptDecrypt' from 'C:\Program Files (x86)\Windows Kits\10\lib\10.0.10586.0\um\arm\WindowsApp.lib'."
"Message",Normal,"          P/Invoke 'NCryptSignHash' resolved to 'ncrypt.dll!NCryptSignHash' from 'C:\Program Files (x86)\Windows Kits\10\lib\10.0.10586.0\um\arm\WindowsApp.lib'."
"Message",Normal,"          P/Invoke 'NCryptVerifySignature' resolved to 'ncrypt.dll!NCryptVerifySignature' from 'C:\Program Files (x86)\Windows Kits\10\lib\10.0.10586.0\um\arm\WindowsApp.lib'."
"Message",Normal,"          P/Invoke 'NCryptFreeBuffer' resolved to 'ncrypt.dll!NCryptFreeBuffer' from 'C:\Program Files (x86)\Windows Kits\10\lib\10.0.10586.0\um\arm\WindowsApp.lib'."
"Message",Normal,"          P/Invoke 'NCryptFreeObject' resolved to 'ncrypt.dll!NCryptFreeObject' from 'C:\Program Files (x86)\Windows Kits\10\lib\10.0.10586.0\um\arm\WindowsApp.lib'."
"Message",Normal,"          P/Invoke 'RhWaitForPendingFinalizers' with [DllImport(ExactSpelling=true)] resolved to '[MRT]!RhWaitForPendingFinalizers'."
"Message",Normal,"          P/Invoke 'RhYield' with [DllImport(ExactSpelling=true)] resolved to '[MRT]!RhYield'."
"Message",Normal,"          P/Invoke 'RhCompatibleReentrantWaitAny' with [DllImport(ExactSpelling=true)] resolved to '[MRT]!RhCompatibleReentrantWaitAny'."
"Message",Normal,"          P/Invoke '_ecvt_s' with [DllImport(ExactSpelling=true)] resolved to '[MRT]!_ecvt_s'."
"Message",Normal,"          P/Invoke 'memmove' with [DllImport(ExactSpelling=true)] resolved to '[MRT]!memmove'."
"Message",Normal,"          P/Invoke 'CallingConventionConverter_GetStubs' with [DllImport(ExactSpelling=true)] resolved to '*!CallingConventionConverter_GetStubs'."
"Message",Normal,"          P/Invoke 'CallingConventionConverter_SpecifyCommonStubData' with [DllImport(ExactSpelling=true)] resolved to '*!CallingConventionConverter_SpecifyCommonStubData'."
"Message",Normal,"          P/Invoke 'GetLastError' resolved to 'api-ms-win-core-errorhandling-l1-1-1.dll!GetLastError' from 'C:\Program Files (x86)\Windows Kits\10\lib\10.0.10586.0\um\arm\WindowsApp.lib'."
"Message",Normal,"          P/Invoke 'RoInitialize' resolved to 'api-ms-win-core-winrt-l1-1-0.dll!RoInitialize' from 'C:\Program Files (x86)\Windows Kits\10\lib\10.0.10586.0\um\arm\WindowsApp.lib'."
"Message",Normal,"          P/Invoke 'IsValidLocaleName' resolved to 'api-ms-win-core-localization-l1-2-1.dll!IsValidLocaleName' from 'C:\Program Files (x86)\Windows Kits\10\lib\10.0.10586.0\um\arm\WindowsApp.lib'."
"Message",Normal,"          P/Invoke 'ResolveLocaleName' resolved to 'api-ms-win-core-localization-l1-2-1.dll!ResolveLocaleName' from 'C:\Program Files (x86)\Windows Kits\10\lib\10.0.10586.0\um\arm\WindowsApp.lib'."
"Message",Normal,"          P/Invoke '#6' resolved to 'ws2_32.dll!#6' from 'C:\Program Files (x86)\Windows Kits\10\lib\10.0.10586.0\um\arm\WindowsApp.lib'."
"Message",Normal,"          P/Invoke '#7' resolved to 'ws2_32.dll!#7' from 'C:\Program Files (x86)\Windows Kits\10\lib\10.0.10586.0\um\arm\WindowsApp.lib'."
"Message",Normal,"          P/Invoke 'WSARecv' resolved to 'ws2_32.dll!WSARecv' from 'C:\Program Files (x86)\Windows Kits\10\lib\10.0.10586.0\um\arm\WindowsApp.lib'."
"Message",Normal,"          P/Invoke 'WSARecv' resolved to 'ws2_32.dll!WSARecv' from 'C:\Program Files (x86)\Windows Kits\10\lib\10.0.10586.0\um\arm\WindowsApp.lib'."
"Message",Normal,"          P/Invoke 'WSASend' resolved to 'ws2_32.dll!WSASend' from 'C:\Program Files (x86)\Windows Kits\10\lib\10.0.10586.0\um\arm\WindowsApp.lib'."
"Message",Normal,"          P/Invoke 'WSASend' resolved to 'ws2_32.dll!WSASend' from 'C:\Program Files (x86)\Windows Kits\10\lib\10.0.10586.0\um\arm\WindowsApp.lib'."
"Message",Normal,"          P/Invoke '#5' resolved to 'ws2_32.dll!#5' from 'C:\Program Files (x86)\Windows Kits\10\lib\10.0.10586.0\um\arm\WindowsApp.lib'."
"Message",Normal,"          P/Invoke '#22' resolved to 'ws2_32.dll!#22' from 'C:\Program Files (x86)\Windows Kits\10\lib\10.0.10586.0\um\arm\WindowsApp.lib'."
"Message",Normal,"          P/Invoke 'WSARecvFrom' resolved to 'ws2_32.dll!WSARecvFrom' from 'C:\Program Files (x86)\Windows Kits\10\lib\10.0.10586.0\um\arm\WindowsApp.lib'."
"Message",Normal,"          P/Invoke 'WSARecvFrom' resolved to 'ws2_32.dll!WSARecvFrom' from 'C:\Program Files (x86)\Windows Kits\10\lib\10.0.10586.0\um\arm\WindowsApp.lib'."
"Message",Normal,"          P/Invoke 'WSASendTo' resolved to 'ws2_32.dll!WSASendTo' from 'C:\Program Files (x86)\Windows Kits\10\lib\10.0.10586.0\um\arm\WindowsApp.lib'."
"Message",Normal,"          P/Invoke 'WSASendTo' resolved to 'ws2_32.dll!WSASendTo' from 'C:\Program Files (x86)\Windows Kits\10\lib\10.0.10586.0\um\arm\WindowsApp.lib'."
"Message",Normal,"          P/Invoke '#20' resolved to 'ws2_32.dll!#20' from 'C:\Program Files (x86)\Windows Kits\10\lib\10.0.10586.0\um\arm\WindowsApp.lib'."
"Message",Normal,"          P/Invoke '#13' resolved to 'ws2_32.dll!#13' from 'C:\Program Files (x86)\Windows Kits\10\lib\10.0.10586.0\um\arm\WindowsApp.lib'."
"Message",Normal,"          P/Invoke '#16' resolved to 'ws2_32.dll!#16' from 'C:\Program Files (x86)\Windows Kits\10\lib\10.0.10586.0\um\arm\WindowsApp.lib'."
"Message",Normal,"          P/Invoke '#19' resolved to 'ws2_32.dll!#19' from 'C:\Program Files (x86)\Windows Kits\10\lib\10.0.10586.0\um\arm\WindowsApp.lib'."
"Message",Normal,"          P/Invoke 'WSASend' resolved to 'ws2_32.dll!WSASend' from 'C:\Program Files (x86)\Windows Kits\10\lib\10.0.10586.0\um\arm\WindowsApp.lib'."
"Message",Normal,"          P/Invoke '#115' resolved to 'ws2_32.dll!#115' from 'C:\Program Files (x86)\Windows Kits\10\lib\10.0.10586.0\um\arm\WindowsApp.lib'."
"Message",Normal,"          P/Invoke '#18' resolved to 'ws2_32.dll!#18' from 'C:\Program Files (x86)\Windows Kits\10\lib\10.0.10586.0\um\arm\WindowsApp.lib'."
"Message",Normal,"          P/Invoke '#18' resolved to 'ws2_32.dll!#18' from 'C:\Program Files (x86)\Windows Kits\10\lib\10.0.10586.0\um\arm\WindowsApp.lib'."
"Message",Normal,"          P/Invoke '#10' resolved to 'ws2_32.dll!#10' from 'C:\Program Files (x86)\Windows Kits\10\lib\10.0.10586.0\um\arm\WindowsApp.lib'."
"Message",Normal,"          P/Invoke '#2' resolved to 'ws2_32.dll!#2' from 'C:\Program Files (x86)\Windows Kits\10\lib\10.0.10586.0\um\arm\WindowsApp.lib'."
"Message",Normal,"          P/Invoke '#21' resolved to 'ws2_32.dll!#21' from 'C:\Program Files (x86)\Windows Kits\10\lib\10.0.10586.0\um\arm\WindowsApp.lib'."
"Message",Normal,"          P/Invoke '#7' resolved to 'ws2_32.dll!#7' from 'C:\Program Files (x86)\Windows Kits\10\lib\10.0.10586.0\um\arm\WindowsApp.lib'."
"Message",Normal,"          P/Invoke '#7' resolved to 'ws2_32.dll!#7' from 'C:\Program Files (x86)\Windows Kits\10\lib\10.0.10586.0\um\arm\WindowsApp.lib'."
"Message",Normal,"          P/Invoke '#7' resolved to 'ws2_32.dll!#7' from 'C:\Program Files (x86)\Windows Kits\10\lib\10.0.10586.0\um\arm\WindowsApp.lib'."
"Message",Normal,"          P/Invoke 'WSAConnect' resolved to 'ws2_32.dll!WSAConnect' from 'C:\Program Files (x86)\Windows Kits\10\lib\10.0.10586.0\um\arm\WindowsApp.lib'."
"Message",Normal,"          P/Invoke '#21' resolved to 'ws2_32.dll!#21' from 'C:\Program Files (x86)\Windows Kits\10\lib\10.0.10586.0\um\arm\WindowsApp.lib'."
"Message",Normal,"          P/Invoke '#21' resolved to 'ws2_32.dll!#21' from 'C:\Program Files (x86)\Windows Kits\10\lib\10.0.10586.0\um\arm\WindowsApp.lib'."
"Message",Normal,"          P/Invoke '#21' resolved to 'ws2_32.dll!#21' from 'C:\Program Files (x86)\Windows Kits\10\lib\10.0.10586.0\um\arm\WindowsApp.lib'."
"Message",Normal,"          P/Invoke 'RtlIpv6StringToAddressExW' resolved to 'ntdll.dll!RtlIpv6StringToAddressExW' from 'C:\Program Files (x86)\Windows Kits\10\lib\10.0.10586.0\um\arm\WindowsApp.lib'."
"Message",Normal,"          P/Invoke 'RtlIpv4StringToAddressExW' resolved to 'ntdll.dll!RtlIpv4StringToAddressExW' from 'C:\Program Files (x86)\Windows Kits\10\lib\10.0.10586.0\um\arm\WindowsApp.lib'."
"Message",Normal,"          P/Invoke 'WSAGetOverlappedResult' resolved to 'ws2_32.dll!WSAGetOverlappedResult' from 'C:\Program Files (x86)\Windows Kits\10\lib\10.0.10586.0\um\arm\WindowsApp.lib'."
"Message",Normal,"          P/Invoke 'GetCPInfoExW' resolved to 'api-ms-win-core-localization-l1-2-1.dll!GetCPInfoExW' from 'C:\Program Files (x86)\Windows Kits\10\lib\10.0.10586.0\um\arm\WindowsApp.lib'."
"Message",Normal,"          P/Invoke 'RtlIpv6AddressToStringExW' resolved to 'ntdll.dll!RtlIpv6AddressToStringExW' from 'C:\Program Files (x86)\Windows Kits\10\lib\10.0.10586.0\um\arm\WindowsApp.lib'."
"Message",Normal,"          P/Invoke 'RtlIpv4AddressToStringExW' resolved to 'ntdll.dll!RtlIpv4AddressToStringExW' from 'C:\Program Files (x86)\Windows Kits\10\lib\10.0.10586.0\um\arm\WindowsApp.lib'."
"Message",Normal,"          P/Invoke 'RoGetBufferMarshaler' resolved to 'api-ms-win-core-winrt-robuffer-l1-1-0.dll!RoGetBufferMarshaler' from 'C:\Program Files (x86)\Windows Kits\10\lib\10.0.10586.0\um\arm\WindowsApp.lib'."
"Message",Normal,"          P/Invoke 'WSASocketW' resolved to 'ws2_32.dll!WSASocketW' from 'C:\Program Files (x86)\Windows Kits\10\lib\10.0.10586.0\um\arm\WindowsApp.lib'."
"Message",Normal,"          P/Invoke '#1' resolved to 'ws2_32.dll!#1' from 'C:\Program Files (x86)\Windows Kits\10\lib\10.0.10586.0\um\arm\WindowsApp.lib'."
"Message",Normal,"          P/Invoke 'CreateThreadpoolIo' resolved to 'api-ms-win-core-threadpool-l1-2-0.dll!CreateThreadpoolIo' from 'C:\Program Files (x86)\Windows Kits\10\lib\10.0.10586.0\um\arm\WindowsApp.lib'."
"Message",Normal,"          P/Invoke 'CertDuplicateCertificateContext' resolved to 'crypt32.dll!CertDuplicateCertificateContext' from 'C:\Program Files (x86)\Windows Kits\10\lib\10.0.10586.0\um\arm\WindowsApp.lib'."
"Message",Normal,"          P/Invoke 'CertGetCertificateContextProperty' resolved to 'crypt32.dll!CertGetCertificateContextProperty' from 'C:\Program Files (x86)\Windows Kits\10\lib\10.0.10586.0\um\arm\WindowsApp.lib'."
"Message",Normal,"          P/Invoke 'BCryptFinishHash' resolved to 'bcrypt.dll!BCryptFinishHash' from 'C:\Program Files (x86)\Windows Kits\10\lib\10.0.10586.0\um\arm\WindowsApp.lib'."
"Message",Normal,"          P/Invoke 'StartThreadpoolIo' resolved to 'api-ms-win-core-threadpool-l1-2-0.dll!StartThreadpoolIo' from 'C:\Program Files (x86)\Windows Kits\10\lib\10.0.10586.0\um\arm\WindowsApp.lib'."
"Message",Normal,"          P/Invoke 'CancelThreadpoolIo' resolved to 'api-ms-win-core-threadpool-l1-2-0.dll!CancelThreadpoolIo' from 'C:\Program Files (x86)\Windows Kits\10\lib\10.0.10586.0\um\arm\WindowsApp.lib'."
"Message",Normal,"          P/Invoke 'CertGetCertificateContextProperty' resolved to 'crypt32.dll!CertGetCertificateContextProperty' from 'C:\Program Files (x86)\Windows Kits\10\lib\10.0.10586.0\um\arm\WindowsApp.lib'."
"Message",Normal,"          P/Invoke '#57' resolved to 'ws2_32.dll!#57' from 'C:\Program Files (x86)\Windows Kits\10\lib\10.0.10586.0\um\arm\WindowsApp.lib'."
"Message",Normal,"          P/Invoke 'BCryptCreateHash' resolved to 'bcrypt.dll!BCryptCreateHash' from 'C:\Program Files (x86)\Windows Kits\10\lib\10.0.10586.0\um\arm\WindowsApp.lib'."
"Message",Normal,"          P/Invoke 'BCryptGetProperty' resolved to 'bcrypt.dll!BCryptGetProperty' from 'C:\Program Files (x86)\Windows Kits\10\lib\10.0.10586.0\um\arm\WindowsApp.lib'."
"Message",Normal,"          P/Invoke 'WSASocketW' resolved to 'ws2_32.dll!WSASocketW' from 'C:\Program Files (x86)\Windows Kits\10\lib\10.0.10586.0\um\arm\WindowsApp.lib'."
"Message",Normal,"          P/Invoke '#3' resolved to 'ws2_32.dll!#3' from 'C:\Program Files (x86)\Windows Kits\10\lib\10.0.10586.0\um\arm\WindowsApp.lib'."
"Message",Normal,"          P/Invoke '#21' resolved to 'ws2_32.dll!#21' from 'C:\Program Files (x86)\Windows Kits\10\lib\10.0.10586.0\um\arm\WindowsApp.lib'."
"Message",Normal,"          P/Invoke '#21' resolved to 'ws2_32.dll!#21' from 'C:\Program Files (x86)\Windows Kits\10\lib\10.0.10586.0\um\arm\WindowsApp.lib'."
"Message",Normal,"          P/Invoke 'CoCreateInstance' with [DllImport(ExactSpelling=true)] resolved to 'api-ms-win-core-com-l1-1-0.dll!CoCreateInstance'."
"Message",Normal,"          P/Invoke 'CryptQueryObject' resolved to 'crypt32.dll!CryptQueryObject' from 'C:\Program Files (x86)\Windows Kits\10\lib\10.0.10586.0\um\arm\WindowsApp.lib'."
"Message",Normal,"          P/Invoke 'CertDuplicateCertificateContext' resolved to 'crypt32.dll!CertDuplicateCertificateContext' from 'C:\Program Files (x86)\Windows Kits\10\lib\10.0.10586.0\um\arm\WindowsApp.lib'."
"Message",Normal,"          P/Invoke 'BCryptHashData' resolved to 'bcrypt.dll!BCryptHashData' from 'C:\Program Files (x86)\Windows Kits\10\lib\10.0.10586.0\um\arm\WindowsApp.lib'."
"Message",Normal,"          P/Invoke 'CloseThreadpoolIo' resolved to 'api-ms-win-core-threadpool-l1-2-0.dll!CloseThreadpoolIo' from 'C:\Program Files (x86)\Windows Kits\10\lib\10.0.10586.0\um\arm\WindowsApp.lib'."
"Message",Normal,"          P/Invoke 'CertFreeCertificateContext' resolved to 'crypt32.dll!CertFreeCertificateContext' from 'C:\Program Files (x86)\Windows Kits\10\lib\10.0.10586.0\um\arm\WindowsApp.lib'."
"Message",Normal,"          P/Invoke 'BCryptOpenAlgorithmProvider' resolved to 'bcrypt.dll!BCryptOpenAlgorithmProvider' from 'C:\Program Files (x86)\Windows Kits\10\lib\10.0.10586.0\um\arm\WindowsApp.lib'."
"Message",Normal,"          P/Invoke 'BCryptDestroyHash' resolved to 'bcrypt.dll!BCryptDestroyHash' from 'C:\Program Files (x86)\Windows Kits\10\lib\10.0.10586.0\um\arm\WindowsApp.lib'."
"Message",Normal,"          P/Invoke 'CryptMsgGetParam' resolved to 'crypt32.dll!CryptMsgGetParam' from 'C:\Program Files (x86)\Windows Kits\10\lib\10.0.10586.0\um\arm\WindowsApp.lib'."
"Message",Normal,"          P/Invoke 'CryptMsgGetParam' resolved to 'crypt32.dll!CryptMsgGetParam' from 'C:\Program Files (x86)\Windows Kits\10\lib\10.0.10586.0\um\arm\WindowsApp.lib'."
"Message",Normal,"          P/Invoke 'PFXImportCertStore' resolved to 'crypt32.dll!PFXImportCertStore' from 'C:\Program Files (x86)\Windows Kits\10\lib\10.0.10586.0\um\arm\WindowsApp.lib'."
"Message",Normal,"          P/Invoke '#10' resolved to 'ws2_32.dll!#10' from 'C:\Program Files (x86)\Windows Kits\10\lib\10.0.10586.0\um\arm\WindowsApp.lib'."
"Message",Normal,"          P/Invoke 'WSAEventSelect' resolved to 'ws2_32.dll!WSAEventSelect' from 'C:\Program Files (x86)\Windows Kits\10\lib\10.0.10586.0\um\arm\WindowsApp.lib'."
"Message",Normal,"          P/Invoke '#21' resolved to 'ws2_32.dll!#21' from 'C:\Program Files (x86)\Windows Kits\10\lib\10.0.10586.0\um\arm\WindowsApp.lib'."
"Message",Normal,"          P/Invoke 'CertGetNameStringW' resolved to 'crypt32.dll!CertGetNameStringW' from 'C:\Program Files (x86)\Windows Kits\10\lib\10.0.10586.0\um\arm\WindowsApp.lib'."
"Message",Normal,"          P/Invoke '#6' resolved to 'oleaut32.dll!#6' from 'C:\Program Files (x86)\Windows Kits\10\lib\10.0.10586.0\um\arm\WindowsApp.lib'."
"Message",Normal,"          P/Invoke 'CertCloseStore' resolved to 'crypt32.dll!CertCloseStore' from 'C:\Program Files (x86)\Windows Kits\10\lib\10.0.10586.0\um\arm\WindowsApp.lib'."
"Message",Normal,"          P/Invoke 'CryptMsgClose' resolved to 'crypt32.dll!CryptMsgClose' from 'C:\Program Files (x86)\Windows Kits\10\lib\10.0.10586.0\um\arm\WindowsApp.lib'."
"Message",Normal,"          P/Invoke 'BCryptCloseAlgorithmProvider' resolved to 'bcrypt.dll!BCryptCloseAlgorithmProvider' from 'C:\Program Files (x86)\Windows Kits\10\lib\10.0.10586.0\um\arm\WindowsApp.lib'."
"Message",Normal,"          P/Invoke 'FormatMessageW' resolved to 'api-ms-win-core-localization-l1-2-1.dll!FormatMessageW' from 'C:\Program Files (x86)\Windows Kits\10\lib\10.0.10586.0\um\arm\WindowsApp.lib'."
"Message",Normal,"          P/Invoke 'CertFindCertificateInStore' resolved to 'crypt32.dll!CertFindCertificateInStore' from 'C:\Program Files (x86)\Windows Kits\10\lib\10.0.10586.0\um\arm\WindowsApp.lib'."
"Message",Normal,"          P/Invoke 'CertEnumCertificatesInStore' resolved to 'crypt32.dll!CertEnumCertificatesInStore' from 'C:\Program Files (x86)\Windows Kits\10\lib\10.0.10586.0\um\arm\WindowsApp.lib'."
"Message",Normal,"          P/Invoke 'WSAIoctl' resolved to 'ws2_32.dll!WSAIoctl' from 'C:\Program Files (x86)\Windows Kits\10\lib\10.0.10586.0\um\arm\WindowsApp.lib'."
"Message",Normal,"          P/Invoke 'FormatMessageW' resolved to 'api-ms-win-core-localization-l1-2-1.dll!FormatMessageW' from 'C:\Program Files (x86)\Windows Kits\10\lib\10.0.10586.0\um\arm\WindowsApp.lib'."
"Message",Normal,"          P/Invoke 'NCryptOpenKey' resolved to 'ncrypt.dll!NCryptOpenKey' from 'C:\Program Files (x86)\Windows Kits\10\lib\10.0.10586.0\um\arm\WindowsApp.lib'."
"Message",Normal,"          P/Invoke 'GetNameInfoW' resolved to 'ws2_32.dll!GetNameInfoW' from 'C:\Program Files (x86)\Windows Kits\10\lib\10.0.10586.0\um\arm\WindowsApp.lib'."
"Message",Normal,"          P/Invoke '#51' resolved to 'ws2_32.dll!#51' from 'C:\Program Files (x86)\Windows Kits\10\lib\10.0.10586.0\um\arm\WindowsApp.lib'."
"Message",Normal,"          P/Invoke '#52' resolved to 'ws2_32.dll!#52' from 'C:\Program Files (x86)\Windows Kits\10\lib\10.0.10586.0\um\arm\WindowsApp.lib'."
"Message",Normal,"          P/Invoke 'NCryptDeleteKey' resolved to 'ncrypt.dll!NCryptDeleteKey' from 'C:\Program Files (x86)\Windows Kits\10\lib\10.0.10586.0\um\arm\WindowsApp.lib'."
"Message",Normal,"          P/Invoke 'NCryptOpenStorageProvider' resolved to 'ncrypt.dll!NCryptOpenStorageProvider' from 'C:\Program Files (x86)\Windows Kits\10\lib\10.0.10586.0\um\arm\WindowsApp.lib'."
"Message",Normal,"          P/Invoke 'GetAddrInfoW' resolved to 'ws2_32.dll!GetAddrInfoW' from 'C:\Program Files (x86)\Windows Kits\10\lib\10.0.10586.0\um\arm\WindowsApp.lib'."
"Message",Normal,"          P/Invoke 'WSASocketW' resolved to 'ws2_32.dll!WSASocketW' from 'C:\Program Files (x86)\Windows Kits\10\lib\10.0.10586.0\um\arm\WindowsApp.lib'."
"Message",Normal,"          P/Invoke '#3' resolved to 'ws2_32.dll!#3' from 'C:\Program Files (x86)\Windows Kits\10\lib\10.0.10586.0\um\arm\WindowsApp.lib'."
"Message",Normal,"          P/Invoke 'freeaddrinfo' resolved to 'ws2_32.dll!freeaddrinfo' from 'C:\Program Files (x86)\Windows Kits\10\lib\10.0.10586.0\um\arm\WindowsApp.lib'."
"Message",Normal,"          P/Invoke 'NCryptFreeObject' resolved to 'ncrypt.dll!NCryptFreeObject' from 'C:\Program Files (x86)\Windows Kits\10\lib\10.0.10586.0\um\arm\WindowsApp.lib'."
"Message",Normal,"          P/Invoke 'FormatMessageW' resolved to 'api-ms-win-core-localization-l1-2-1.dll!FormatMessageW' from 'C:\Program Files (x86)\Windows Kits\10\lib\10.0.10586.0\um\arm\WindowsApp.lib'."
"Message",Normal,"          P/Invoke 'GetFileType' resolved to 'api-ms-win-core-file-l1-2-1.dll!GetFileType' from 'C:\Program Files (x86)\Windows Kits\10\lib\10.0.10586.0\um\arm\WindowsApp.lib'."
"Message",Normal,"          P/Invoke 'GetFileInformationByHandleEx' resolved to 'api-ms-win-core-file-l2-1-1.dll!GetFileInformationByHandleEx' from 'C:\Program Files (x86)\Windows Kits\10\lib\10.0.10586.0\um\arm\WindowsApp.lib'."
"Message",Normal,"          P/Invoke 'SetFilePointerEx' resolved to 'api-ms-win-core-file-l1-2-1.dll!SetFilePointerEx' from 'C:\Program Files (x86)\Windows Kits\10\lib\10.0.10586.0\um\arm\WindowsApp.lib'."
"Message",Normal,"          P/Invoke 'GetFileAttributesExW' resolved to 'api-ms-win-core-file-l1-2-1.dll!GetFileAttributesExW' from 'C:\Program Files (x86)\Windows Kits\10\lib\10.0.10586.0\um\arm\WindowsApp.lib'."
"Message",Normal,"          P/Invoke 'FindFirstFileExW' resolved to 'api-ms-win-core-file-l1-2-1.dll!FindFirstFileExW' from 'C:\Program Files (x86)\Windows Kits\10\lib\10.0.10586.0\um\arm\WindowsApp.lib'."
"Message",Normal,"          P/Invoke 'SetEndOfFile' resolved to 'api-ms-win-core-file-l1-2-1.dll!SetEndOfFile' from 'C:\Program Files (x86)\Windows Kits\10\lib\10.0.10586.0\um\arm\WindowsApp.lib'."
"Message",Normal,"          P/Invoke 'CreateFile2' resolved to 'api-ms-win-core-file-l1-2-1.dll!CreateFile2' from 'C:\Program Files (x86)\Windows Kits\10\lib\10.0.10586.0\um\arm\WindowsApp.lib'."
"Message",Normal,"          P/Invoke 'CloseHandle' resolved to 'api-ms-win-core-handle-l1-1-0.dll!CloseHandle' from 'C:\Program Files (x86)\Windows Kits\10\lib\10.0.10586.0\um\arm\WindowsApp.lib'."
"Message",Normal,"          P/Invoke 'FindClose' resolved to 'api-ms-win-core-file-l1-2-1.dll!FindClose' from 'C:\Program Files (x86)\Windows Kits\10\lib\10.0.10586.0\um\arm\WindowsApp.lib'."
"Message",Normal,"          P/Invoke 'ReadFile' resolved to 'api-ms-win-core-file-l1-2-1.dll!ReadFile' from 'C:\Program Files (x86)\Windows Kits\10\lib\10.0.10586.0\um\arm\WindowsApp.lib'."
"Message",Normal,"          P/Invoke 'ReadFile' resolved to 'api-ms-win-core-file-l1-2-1.dll!ReadFile' from 'C:\Program Files (x86)\Windows Kits\10\lib\10.0.10586.0\um\arm\WindowsApp.lib'."
"Message",Normal,"          P/Invoke 'WriteFile' resolved to 'api-ms-win-core-file-l1-2-1.dll!WriteFile' from 'C:\Program Files (x86)\Windows Kits\10\lib\10.0.10586.0\um\arm\WindowsApp.lib'."
"Message",Normal,"          P/Invoke 'WriteFile' resolved to 'api-ms-win-core-file-l1-2-1.dll!WriteFile' from 'C:\Program Files (x86)\Windows Kits\10\lib\10.0.10586.0\um\arm\WindowsApp.lib'."
"Message",Normal,"          P/Invoke 'CancelIoEx' resolved to 'api-ms-win-core-io-l1-1-1.dll!CancelIoEx' from 'C:\Program Files (x86)\Windows Kits\10\lib\10.0.10586.0\um\arm\WindowsApp.lib'."
"Message",Normal,"          P/Invoke 'FlushFileBuffers' resolved to 'api-ms-win-core-file-l1-2-1.dll!FlushFileBuffers' from 'C:\Program Files (x86)\Windows Kits\10\lib\10.0.10586.0\um\arm\WindowsApp.lib'."
"Message",Normal,"          P/Invoke 'FormatMessageW' resolved to 'api-ms-win-core-localization-l1-2-1.dll!FormatMessageW' from 'C:\Program Files (x86)\Windows Kits\10\lib\10.0.10586.0\um\arm\WindowsApp.lib'."
"Message",High,"  Generating code..."
"Message",High,"  Interop code generated."
"Message",Normal,"  Written code to AssemblyInfo.g.cs"
"Message",Normal,"  Written code to Adapters.g.cs"
"Message",Normal,"  Written code to Data.g.cs"
"Message",Normal,"  Written code to Helpers.g.cs"
"Message",Normal,"  Written code to ImplTypes.g.cs"
"Message",Normal,"  Written code to PInvoke.g.cs"
"Message",Normal,"  Written code to SafeTypes.g.cs"
"Message",Normal,"  Written code to SharedStubs.g.cs"
"Message",Normal,"Running 'GenerateCodeAndCompile' transform, heap at 318 MB."
"Message",High,"Generating serialization code"
"Message",High,"Compiling interop code"
"Message",Normal,"Compiling generated source code: C:\Users\tone.pedersen\.nuget\packages\microsoft.net.native.compiler\1.6.1\tools\ARM\ilc\csc\csc.exe /noconfig @""C:\Users\tone.pedersen\Documents\Acando_IoT_FreeSpots\Acando_IoT_FreeSpots\FreeSpotSensorPi3\FreeSpotSensorPi3\obj\ARM\Release\ilc\intermediate\FreeSpotSensorPi3-uwp.McgInterop.rsp"""
"Message",High,"Generating System.Reflection.DispatchProxy proxy code."
"Message",Normal,"Running 'DumpNativeResources' transform, heap at 319 MB."
"Message",Normal,"Running 'ReducedCopyInitialize' transform, heap at 319 MB."
"Message",Normal,"Running 'ReducedCopyEmptyTypes' transform, heap at 234 MB."
"Message",Normal,"Running 'ReducedCopyPopulateTypes' transform, heap at 243 MB."
"Message",Normal,"Running 'ReducedCopyLateMetadata' transform, heap at 281 MB."
"Message",Normal,"Running 'ReducedCopyMethodBodies' transform, heap at 297 MB."
"Warning",,0,0,"ILTransform : warning ILT0005: Type 'Microsoft.WindowsAzure.Storage.Blob.CloudBlockBlob' was not included in compilation, but was referenced in method 'HttpTransportHandler.<UploadToBlobAsync>d__12.MoveNext()'. There may have been a missing assembly."
"Warning",,0,0,"ILTransform : warning ILT0003: Method 'HttpTransportHandler.<UploadToBlobAsync>d__12.MoveNext()' will always throw an exception due to the missing method 'CloudBlockBlob..ctor(Uri)'. There may have been a missing assembly."
"Message",Normal,"Running 'ReducedCopyComplete' transform, heap at 368 MB."
"Message",Normal,"Running 'ReducedCopyCleanup' transform, heap at 357 MB."
"Message",Normal,"Running 'DeveloperExperienceModeOnlyCodeRemover' transform, heap at 357 MB."
"Message",Normal,"Running 'ComImportDetector' transform, heap at 372 MB."
"Message",Normal,"Running 'McgAccessor' transform, heap at 372 MB."
"Message",Normal,"Running 'McgRedirect' transform, heap at 374 MB."
"Message",Normal,"Running 'McgRedirect' transform, heap at 380 MB."
"Message",Normal,"Running 'McgTypeOf' transform, heap at 381 MB."
"Message",Normal,"Running 'ExceptionMiniaturizer' transform, heap at 391 MB."
"Message",Normal,"Running 'EventSource' transform, heap at 410 MB."
"Message",Normal,"Running 'ValueType' transform, heap at 411 MB."
"Message",Normal,"Running 'Attribute' transform, heap at 411 MB."
"Message",Normal,"Running 'GetType' transform, heap at 411 MB."
"Message",Normal,"Running 'McgFixups' transform, heap at 413 MB."
"Message",Normal,"Running 'ResourceManagerCtor' transform, heap at 413 MB."
"Message",Normal,"Running 'TypeofTypeHandle' transform, heap at 413 MB."
"Message",Normal,"Running 'DispatchProxyIntrinsics' transform, heap at 417 MB."
"Message",Normal,"Running 'StaticInitData' transform, heap at 417 MB."
"Message",Normal,"Running 'StartupCodeInjector' transform, heap at 428 MB."
"Message",Normal,"Running 'InjectAppContextSwitches' transform, heap at 428 MB."
"Message",Normal,"Running 'ImplementLibraryDynamicInvokeHelpers' transform, heap at 428 MB."
"Message",Normal,"Running 'Delegate' transform, heap at 428 MB."
"Message",Normal,"Running 'DelegateCtorCall' transform, heap at 435 MB."
"Message",Normal,"Running 'LazyGenerics' transform, heap at 438 MB."
"Message",Normal,"Running 'AddReflectionBlockedAttributes' transform, heap at 398 MB."
"Message",Normal,"Running 'DisableOptimization' transform, heap at 398 MB."
"Message",Normal,"Running 'CreateMetadata' transform, heap at 398 MB."
"Message",Normal,"Running 'SaveRVAStatics' transform, heap at 507 MB."
"Message",Normal,"Running 'ReflectionInvoke' transform, heap at 509 MB."
"Message",Normal,"Running 'ScrubOpenCalls' transform, heap at 517 MB."
"Message",Normal,"Running 'ConvertCatchIntoFilter' transform, heap at 517 MB."
"Message",Normal,"Running 'ReflectionMappingInfoEmit' transform, heap at 517 MB."
"Message",Normal,"Running 'ConvertManagedWinMD' transform, heap at 526 MB."
"Message",Normal,"Running 'Reducer' transform, heap at 526 MB."
"Message",High,"Cleaning up unreferenced code"
"Message",Normal,"Running 'WriteAssemblies' transform, heap at 251 MB."
"Message",Normal,""
"Message",Normal,"Transform summary"
"Message",Normal,"    ms | heap delta | name"
"Message",Normal," 15315 |        238 | Analysis"
"Message",Normal,"  5194 |        -88 | WriteAssemblies"
"Message",Normal,"  4308 |          1 | GenerateCodeAndCompile"
"Message",Normal,"  3552 |       -275 | Reducer"
"Message",Normal,"  1252 |        109 | CreateMetadata"
"Message",Normal,"  1229 |         65 | Mcg"
"Message",Normal,"   550 |        -11 | ReducedCopyComplete"
"Message",Normal,"   536 |        -40 | LazyGenerics"
"Message",Normal,"   493 |         71 | ReducedCopyMethodBodies"
"Message",Normal,"   228 |         38 | ReducedCopyPopulateTypes"
"Message",Normal,"   173 |        -85 | ReducedCopyInitialize"
"Message",Normal,"   172 |         11 | StaticInitData"
"Message",Normal,"   172 |          6 | McgRedirect"
"Message",Normal,"   171 |         10 | McgTypeOf"
"Message",Normal,"   126 |         19 | ExceptionMiniaturizer"
"Message",Normal,"   119 |         16 | ReducedCopyLateMetadata"
"Message",Normal,"   107 |          1 | McgRedirect"
"Message",Normal,"    74 |          4 | TypeofTypeHandle"
"Message",Normal,"    51 |          3 | DelegateCtorCall"
"Message",Normal,"    48 |          7 | Delegate"
"Message",Normal,"    45 |          2 | GetType"
"Message",Normal,"    43 |          9 | ReducedCopyEmptyTypes"
"Message",Normal,"    37 |          0 | McgFixups"
"Message",Normal,"    30 |          2 | SaveRVAStatics"
"Message",Normal,"    29 |          8 | ReflectionInvoke"
"Message",Normal,"    25 |          0 | ValueType"
"Message",Normal,"    20 |          9 | ReflectionMappingInfoEmit"
"Message",Normal,"    18 |         15 | DeveloperExperienceModeOnlyCodeRemover"
"Message",Normal,"    18 |          0 | DispatchProxyIntrinsics"
"Message",Normal,"    17 |          0 | ScrubOpenCalls"
"Message",Normal,"    14 |          0 | Attribute"
"Message",Normal,"    12 |          0 | StartupCodeInjector"
"Message",Normal,"    12 |          2 | McgAccessor"
"Message",Normal,"     9 |          0 | ReducedCopyCleanup"
"Message",Normal,"     9 |          0 | ConvertCatchIntoFilter"
"Message",Normal,"     9 |          0 | DumpNativeResources"
"Message",Normal,"     9 |          1 | EventSource"
"Message",Normal,"     8 |          0 | ResourceManagerCtor"
"Message",Normal,"     2 |          0 | AddReflectionBlockedAttributes"
"Message",Normal,"     1 |          0 | ComImportDetector"
"Message",Normal,"     1 |          0 | InjectAppContextSwitches"
"Message",Normal,"     0 |          0 | DisableOptimization"
"Message",Normal,"     0 |          0 | ImplementLibraryDynamicInvokeHelpers"
"Message",Normal,"     0 |          0 | ConvertManagedWinMD"
"Message",Low,"Done executing task ""RunILTransforms""."
"Message",Low,"Done building target ""RunILTransforms"" in file ""ILTransforms""."
"Message",Low,"Done building project ""ILTransforms""."
"Message",Low,""
"Message",Low,""
"Message",Low,"Done building target ""GenerateMDIL"" in file ""Nutc""."
"Message",Low,""
"Message",High,"Generating native code"
"Message",Low,"Done building target ""MDILPrepareMultiFile"" in file ""Nutc""."
"Message",Low,""
"Message",Low,"Done building target ""SetBinaryForReferences"" in file ""Nutc""."
"Message",Low,""
"Message",Low,"Task ""GenerateMDILGlobalAnalysis"""
"Message",Normal,"Launching 'C:\Users\tone.pedersen\.nuget\packages\microsoft.net.native.compiler\1.6.1\tools\ARM\ilc\Tools\nutc_driver.exe @""C:\Users\tone.pedersen\Documents\Acando_IoT_FreeSpots\Acando_IoT_FreeSpots\FreeSpotSensorPi3\FreeSpotSensorPi3\obj\ARM\Release\ilc\intermediate\MDIL\FreeSpotSensorPi3-uwp.rsp""'"
"Message",Low,"Microsoft (R) MDIL Compiler - Version 1.6.25117.00"
"Message",Low,"Copyright (c) Microsoft Corporation.  All rights reserved."
"Message",Low,"Scanning input types"
"Message",Low,"Scanning 27571 methods."
"Message",Low,"Scanning 7794 methods."
"Message",Low,"Scanning 5383 methods."
"Message",Low,"Scanning 3194 methods."
"Message",Low,"Scanning 1734 methods."
"Message",Low,"Scanning 1218 methods."
"Message",Low,"Scanning 1009 methods."
"Message",Low,"Scanning 761 methods."
"Message",Low,"Scanning 955 methods."
"Message",Low,"Scanning 986 methods."
"Message",Low,"Scanning 858 methods."
"Message",Low,"Scanning 473 methods."
"Message",Low,"Scanning 437 methods."
"Message",Low,"Scanning 210 methods."
"Message",Low,"Scanning 164 methods."
"Message",Low,"Scanning 154 methods."
"Message",Low,"Scanning 110 methods."
"Message",Low,"Scanning 49 methods."
"Message",Low,"Scanning 32 methods."
"Message",Low,"Scanning 16 methods."
"Message",Low,"Scanning 14 methods."
"Message",Low,"Scanning 12 methods."
"Message",Low,"Scanning 4 methods."
"Message",Low,"Eager code generation"
"Message",Low,"Compiling 53138 methods."
"Message",Low,"Deferred code generation"
"Message",Low,"Compiling 4 methods."
"Message",Low,"Compiling 30 methods."
"Message",Low,"Successfully generated 'C:\Users\tone.pedersen\Documents\Acando_IoT_FreeSpots\Acando_IoT_FreeSpots\FreeSpotSensorPi3\FreeSpotSensorPi3\obj\ARM\Release\ilc\intermediate\MDIL\FreeSpotSensorPi3-uwp.mdilexe'"
"Message",Low,"Successfully generated 'C:\Users\tone.pedersen\Documents\Acando_IoT_FreeSpots\Acando_IoT_FreeSpots\FreeSpotSensorPi3\FreeSpotSensorPi3\obj\ARM\Release\ilc\intermediate\MDIL\FreeSpotSensorPi3-uwp.mdilpdb'"
"Message",Normal,"'C:\Users\tone.pedersen\.nuget\packages\microsoft.net.native.compiler\1.6.1\tools\ARM\ilc\Tools\nutc_driver.exe @""C:\Users\tone.pedersen\Documents\Acando_IoT_FreeSpots\Acando_IoT_FreeSpots\FreeSpotSensorPi3\FreeSpotSensorPi3\obj\ARM\Release\ilc\intermediate\MDIL\FreeSpotSensorPi3-uwp.rsp""' completed."
"Message",Normal,"Process execution statistics (all times in milliseconds)"
"Message",Normal,"-----------------------------------------------------------------------------"
"Message",Normal,"launch  |  start   |   stop   |   end    | duration | lifetime | [slot] name"
"Message",Normal,"-----------------------------------------------------------------------------"
"Message",Normal,"       0 |        0 |    54703 |    54703 |    54703 |    54703 | [0] Nutc GlobalAnalysis"
"Message",Normal,"Number of commands:      1"
"Message",Normal,"Total system time:       54703 ms"
"Message",Normal,"System time per command: 54703 ms"
"Message",Normal,"Total duration:          54703 ms"
"Message",Normal,"Total lifetime:          54703 ms"
"Message",Normal,"Requested DOP:           4"
"Message",Normal,"Duration DOP:            1,0"
"Message",Normal,"Lifetime DOP:            1,0"
"Message",Low,"Done executing task ""GenerateMDILGlobalAnalysis""."
"Message",Low,"Done building target ""GenerateMDILGlobalAnalysis"" in file ""Nutc""."
"Message",Low,""
"Message",Low,"Task ""rc"""
"Message",Normal,"Launching 'C:\Program Files (x86)\Windows Kits\10\bin\x64\rc.exe /c ""65001"" /r /fo ""C:\Users\tone.pedersen\Documents\Acando_IoT_FreeSpots\Acando_IoT_FreeSpots\FreeSpotSensorPi3\FreeSpotSensorPi3\obj\ARM\Release\ilc\intermediate\BuildInfo\BuildInfo.res"" ""C:\Users\tone.pedersen\Documents\Acando_IoT_FreeSpots\Acando_IoT_FreeSpots\FreeSpotSensorPi3\FreeSpotSensorPi3\obj\ARM\Release\ilc\intermediate\BuildInfo\BuildInfo.rc""'"
"Message",Low,"Microsoft (R) Windows (R) Resource Compiler Version 10.0.10011.16384"
"Message",Low,"Copyright (C) Microsoft Corporation.  All rights reserved."
"Message",Normal,"'C:\Program Files (x86)\Windows Kits\10\bin\x64\rc.exe /c ""65001"" /r /fo ""C:\Users\tone.pedersen\Documents\Acando_IoT_FreeSpots\Acando_IoT_FreeSpots\FreeSpotSensorPi3\FreeSpotSensorPi3\obj\ARM\Release\ilc\intermediate\BuildInfo\BuildInfo.res"" ""C:\Users\tone.pedersen\Documents\Acando_IoT_FreeSpots\Acando_IoT_FreeSpots\FreeSpotSensorPi3\FreeSpotSensorPi3\obj\ARM\Release\ilc\intermediate\BuildInfo\BuildInfo.rc""' completed."
"Message",Normal,"Process execution statistics (all times in milliseconds)"
"Message",Normal,"-----------------------------------------------------------------------------"
"Message",Normal,"launch  |  start   |   stop   |   end    | duration | lifetime | [slot] name"
"Message",Normal,"-----------------------------------------------------------------------------"
"Message",Normal,"       0 |        0 |       78 |       78 |       78 |       78 | [0] rc"
"Message",Normal,"Number of commands:      1"
"Message",Normal,"Total system time:       78 ms"
"Message",Normal,"System time per command: 78 ms"
"Message",Normal,"Total duration:          78 ms"
"Message",Normal,"Total lifetime:          78 ms"
"Message",Normal,"Requested DOP:           4"
"Message",Normal,"Duration DOP:            1,0"
"Message",Normal,"Lifetime DOP:            1,0"
"Message",Low,"Done executing task ""rc""."
"Message",Low,"Task ""ResourceBinaryConcatenate"""
"Message",Normal,"Concatenating into 'C:\Users\tone.pedersen\Documents\Acando_IoT_FreeSpots\Acando_IoT_FreeSpots\FreeSpotSensorPi3\FreeSpotSensorPi3\obj\ARM\Release\ilc\intermediate\Native.res' with alignment '4'."
"Message",Normal," Added 'C:\Users\tone.pedersen\Documents\Acando_IoT_FreeSpots\Acando_IoT_FreeSpots\FreeSpotSensorPi3\FreeSpotSensorPi3\obj\ARM\Release\ilc\intermediate\ILTransformed\FreeSpotSensorPi3-uwp.res' at offset 0."
"Message",Normal," Added 'C:\Users\tone.pedersen\Documents\Acando_IoT_FreeSpots\Acando_IoT_FreeSpots\FreeSpotSensorPi3\FreeSpotSensorPi3\obj\ARM\Release\ilc\intermediate\BuildInfo\BuildInfo.res' at offset 1224."
"Message",Low,"Done executing task ""ResourceBinaryConcatenate""."
"Message",Low,"Done building target ""GenerateBuildInfo"" in file ""Nutc""."
"Message",Low,"Done building project ""Nutc""."
"Message",Low,""
"Message",Low,""
"Message",Low,"Done building target ""MDILBindPrepare"" in file ""Binder""."
"Message",Low,""
"Message",High,"Generating fixups for native code"
"Message",Low,"Task ""MDILBind"""
"Message",Normal,"Launching 'C:\Users\tone.pedersen\.nuget\packages\microsoft.net.native.compiler\1.6.1\tools\ARM\ilc\Tools\rhbind.exe @""C:\Users\tone.pedersen\Documents\Acando_IoT_FreeSpots\Acando_IoT_FreeSpots\FreeSpotSensorPi3\FreeSpotSensorPi3\obj\ARM\Release\ilc\intermediate\rhbindargs.FreeSpotSensorPi3-uwp.rsp""'"
"Message",Low,"OS VERSION: major: 6  minor: 2"
"Message",Low,"MDIL: C:\Users\tone.pedersen\Documents\Acando_IoT_FreeSpots\Acando_IoT_FreeSpots\FreeSpotSensorPi3\FreeSpotSensorPi3\obj\ARM\Release\ilc\intermediate\MDIL\FreeSpotSensorPi3-uwp.mdilexe"
"Message",Low,"MDILPDB: C:\Users\tone.pedersen\Documents\Acando_IoT_FreeSpots\Acando_IoT_FreeSpots\FreeSpotSensorPi3\FreeSpotSensorPi3\obj\ARM\Release\ilc\intermediate\MDIL\FreeSpotSensorPi3-uwp.mdilpdb"
"Message",Low,"IL: C:\Users\tone.pedersen\Documents\Acando_IoT_FreeSpots\Acando_IoT_FreeSpots\FreeSpotSensorPi3\FreeSpotSensorPi3\obj\ARM\Release\ilc\intermediate\MDIL\FreeSpotSensorPi3-uwp.ilexe"
"Message",Low,"NI: C:\Users\tone.pedersen\Documents\Acando_IoT_FreeSpots\Acando_IoT_FreeSpots\FreeSpotSensorPi3\FreeSpotSensorPi3\obj\ARM\Release\ilc\intermediate\Native\FreeSpotSensorPi3-uwp.dll"
"Message",Low,"SHIM: C:\Users\tone.pedersen\Documents\Acando_IoT_FreeSpots\Acando_IoT_FreeSpots\FreeSpotSensorPi3\FreeSpotSensorPi3\obj\ARM\Release\ilc\intermediate\Native\FreeSpotSensorPi3-uwp.exe"
"Message",Low,"REDHAWK_RUNTIME_DLL_NAME_A=mrt100_app.dll"
"Message",Low,"pdb: C:\Users\tone.pedersen\Documents\Acando_IoT_FreeSpots\Acando_IoT_FreeSpots\FreeSpotSensorPi3\FreeSpotSensorPi3\obj\ARM\Release\ilc\intermediate\Native\FreeSpotSensorPi3-uwp.pdb"
"Message",Low,"Produced C:\Users\tone.pedersen\Documents\Acando_IoT_FreeSpots\Acando_IoT_FreeSpots\FreeSpotSensorPi3\FreeSpotSensorPi3\obj\ARM\Release\ilc\intermediate\Native\FreeSpotSensorPi3-uwp.dll in 3.951 seconds"
"Message",Normal,"'C:\Users\tone.pedersen\.nuget\packages\microsoft.net.native.compiler\1.6.1\tools\ARM\ilc\Tools\rhbind.exe @""C:\Users\tone.pedersen\Documents\Acando_IoT_FreeSpots\Acando_IoT_FreeSpots\FreeSpotSensorPi3\FreeSpotSensorPi3\obj\ARM\Release\ilc\intermediate\rhbindargs.FreeSpotSensorPi3-uwp.rsp""' completed."
"Message",Normal,"Process execution statistics (all times in milliseconds)"
"Message",Normal,"-----------------------------------------------------------------------------"
"Message",Normal,"launch  |  start   |   stop   |   end    | duration | lifetime | [slot] name"
"Message",Normal,"-----------------------------------------------------------------------------"
"Message",Normal,"       0 |       16 |     3984 |     3984 |     3968 |     3984 | [0] rhbind FreeSpotSensorPi3-uwp"
"Message",Normal,"Number of commands:      1"
"Message",Normal,"Total system time:       3984 ms"
"Message",Normal,"System time per command: 3984 ms"
"Message",Normal,"Total duration:          3968 ms"
"Message",Normal,"Total lifetime:          3984 ms"
"Message",Normal,"Requested DOP:           4"
"Message",Normal,"Duration DOP:            1,0"
"Message",Normal,"Lifetime DOP:            1,0"
"Message",Low,"Done executing task ""MDILBind""."
"Message",Low,"Done building target ""MDILBind"" in file ""Binder""."
"Message",Low,"Done building project ""Binder""."
"Message",Low,""
"Message",Low,""
"Message",Low,"Done building target ""CopyNativeExecutablesToOutput"" in file ""Deployment""."
"Message",Low,""
"Message",Low,"Done building target ""CopyExtractedResourcesToOutput"" in file ""Deployment""."
"Message",Low,""
"Message",Low,"Task ""TransformAppxManifest"""
"Message",Low,"Done executing task ""TransformAppxManifest""."
"Message",Low,"Done building target ""TransformAppxManifestAndAddCrt"" in file ""Deployment""."
"Message",Low,""
"Message",Low,"Done building target ""CopyPackageResourceFileInRetailBuild"" in file ""Deployment""."
"Message",Low,"Done building project ""Deployment""."
"Message",Low,"Compilation finished"
